age,income,gender_Female,gender_Male,city_Chennai,city_Delhi,city_Kolkata,city_Mumbai
-1.0145993123917847,-0.7277781371744775,0.0,1.0,0.0,0.0,0.0,1.0
-0.28988551782622424,0.4366668823046865,1.0,0.0,0.0,1.0,0.0,0.0
1.8842558658704573,0.0,0.0,1.0,0.0,0.0,1.0,0.0
-0.5797710356524485,-1.3100006469140595,1.0,0.0,1.0,0.0,0.0,0.0
0.0,1.6011119017838504,0.0,1.0,0.0,0.0,0.0,1.0
